<?xml version="1.0" encoding="UTF-8"?>
<office:document-meta xmlns:grddl="http://www.w3.org/2003/g/data-view#" xmlns:meta="urn:oasis:names:tc:opendocument:xmlns:meta:1.0" xmlns:dc="http://purl.org/dc/elements/1.1/" xmlns:xlink="http://www.w3.org/1999/xlink" xmlns:ooo="http://openoffice.org/2004/office" xmlns:office="urn:oasis:names:tc:opendocument:xmlns:office:1.0" office:version="1.3"><office:meta><meta:creation-date>2024-06-13T17:39:50.505969429</meta:creation-date><dc:date>2024-06-17T18:31:50.112603182</dc:date><meta:editing-duration>PT11M42S</meta:editing-duration><meta:editing-cycles>4</meta:editing-cycles><meta:generator>LibreOffice/7.4.7.2$Linux_X86_64 LibreOffice_project/40$Build-2</meta:generator><meta:document-statistic meta:table-count="0" meta:image-count="0" meta:object-count="0" meta:page-count="1" meta:paragraph-count="4" meta:word-count="11" meta:character-count="90" meta:non-whitespace-character-count="83"/></office:meta></office:document-meta>